id,pregunta
[1],Pass columns as arguments into Teradata SQL procedure
[1],
[1],
[1],
[1],
[1],Pass columns as arguments into Teradata SQL procedure
[1],
[1],
[1],
[1],stable_baselines3: why the reward does not match comparing ep_info_buffer vs evaluation?
[1],
[1],
[1],
[1],
[1],stable_baselines3: why the reward does not match comparing ep_info_buffer vs evaluation?
[1],
[1],
[1],
[1],How to serialize discord API button interactions
[1],
[1],
[1],
[1],
[1],How to serialize discord API button interactions
[1],
[1],
[1],
[1],Running MuMIn::predict() on GPU
[1],
[1],
[1],
[1],
[1],Running MuMIn::predict() on GPU
[1],
[1],
[1],
[1],Use sqlite with Bazel
[1],
[1],
[1],
[1],
[1],Use sqlite with Bazel
[1],
[1],
[1],
[1],Injecting route values into AnchorTagHelper via a custom tag helper
[1],
[1],
[1],
[1],
[1],Injecting route values into AnchorTagHelper via a custom tag helper
[1],
[1],
[1],
[1],Port in code not being included when starting my Python Uvicorn app?
[1],
[1],
[1],
[1],
[1],Port in code not being included when starting my Python Uvicorn app?
[1],
[1],
[1],
[1],How to Configure Azure Event Hub with Kafka Across Different Regions and Subscriptions
[1],
[1],
[1],
[1],
[1],How to Configure Azure Event Hub with Kafka Across Different Regions and Subscriptions
[1],
[1],
[1],
[1],(2D) How to make Bezier curve line has width by using python?
[1],
[1],
[1],
[1],
[1],(2D) How to make Bezier curve line has width by using python?
[1],
[1],
[1],
[1],eBay API - searching for a match in eBay Catalog
[1],
[1],
[1],
[1],
[1],eBay API - searching for a match in eBay Catalog
[1],
[1],
[1],
[1],Is there a way to make text searches case-insensitive in DuckDB?
[1],
[1],
[1],
[1],
[1],Is there a way to make text searches case-insensitive in DuckDB?
[1],
[1],
[1],
[1],move email from one yahoo folder to another
[1],
[1],
[1],
[1],
[1],move email from one yahoo folder to another
[1],
[1],
[1],
[1],Adding custom variables to PyPSA objective function without requiring a change to optimize.py in base pypsa code?
[1],
[1],
[1],
[1],
[1],Adding custom variables to PyPSA objective function without requiring a change to optimize.py in base pypsa code?
[1],
[1],
[1],
[1],Why is Docker Swarm Operator inspecting a container at the end of the dag run?
[1],
[1],
[1],
[1],
[1],Why is Docker Swarm Operator inspecting a container at the end of the dag run?
[1],
[1],
[1],
[1],GET Request for all records from a single entity based on it's id
[1],
[1],
[1],
[1],
[1],GET Request for all records from a single entity based on it's id
[1],
[1],
[1],
